Mens slacks	Mens trousers	Mens shorts
Infants slacks	Infants trousers	Infants shorts
Womens slacks	Womens trousers	Womens shorts
Girls slacks	Girls trousers	Girls shorts
Boys slacks	Boys trousers	Boys shorts
Infants shirts	Infants blouses
Mens shirts
Girls shirts	Girls blouses
Womens shirts	Womens blouses
Boys shirts
Boys sweaters
Mens sweaters
Girls sweaters
Womens sweaters
Infants sweaters
Boys coats	Boys jackets
Mens coats	Mens jackets
Girls coats	Girls jackets
Womens coats	Womens jackets
Infants coats	Infants jackets
Infants suits
Womens suits
Mens suits
Boys suits
Girls suits
Girls dresses or skirts or saris or kimonos
Womens dresses or skirts or saris or kimonos
Infants dresses or skirts or saris or kimonos
Boys overalls or coveralls
Mens overalls or coveralls
Girls overalls or coveralls
Womens overalls or coveralls
Infants overalls or coveralls
Infants folkloric clothing
Womens folkloric clothing
Mens folkloric clothing
Boys folkloric clothing
Girls folkloric clothing
Breast form
Undershirts
Slips
Underpants
Brassieres
Infant diapers
Adult diapers
Body shaping garments
Diaper liners
Breast form cover
Tights
Socks
Stockings
Panty hose
Pocket protectors
Button covers
Caps
Headbands
Chevrons
Gorgets
Shoulder boards or epaulettes
Tie holders
Handkerchiefs
Armbands
Tassles
Bandannas
Belts or suspenders
Ties or scarves or mufflers
Hats
Umbrellas
Sweat bands
Clothing hangers
Gloves or mittens
Garters
Boys pajamas or nightshirts or robes
Mens pajamas or nightshirts or robes
Girls pajamas or nightshirts or robes
Womens pajamas or nightshirts or robes
Infants pajamas or nightshirts or robes
Bath robes
Prisoner uniform
Prison officer uniform
Judicial robe
Paramedic uniforms
Salon smocks
Ambulance officers uniforms
Ushers uniforms
Doctors coat
Nurses uniforms
Military uniforms
Customs uniforms
Corporate uniforms
Institutional food preparation or service attire
School uniforms
Security uniforms
Police uniforms
Mens swimwear
Womens swimwear
Boys swimwear
Girls swimwear
Infants swimwear
Girls athletic wear
Boys athletic wear
Mens athletic wear
Womens athletic wear
Mens tshirts
Mens waistcoats
Disposable work coat
