Cases for postmortem surgical instruments	Cases for postmortem surgical accessories
Dissection boards	Dissection pads
Autopsy scissors
Autopsy dissection forceps for general use
Autopsy bullet probes
Autopsy thread	autopsy needle pullers
Autopsy knives	autopsy blades
Autopsy chisels	autopsy osteotomes
Instrument rolls for postmortem surgical instruments	Instrument rolls for postmortem surgical accessories
Postmortem needles
Autopsy dissection kits
Postmortem incision clips
Autopsy vein directors
Autopsy saws
Autopsy saw blades or accessories
Postmortem thread
Cadaver tissue builder kits
Postmortem finger straighteners
Postmortem rectal thermometers
Postmortem identification tags or bracelets
Autopsy infectious disease kits
Autopsy fluid collection vacuum aspirators or tubing
Autopsy hanging scales
Autopsy body boards
Autopsy head rests
Medical body bag
Bone dust collectors
Autopsy specimen bags or containers
Autopsy grossing workstations or accessories
Autopsy sinks or accessories
Autopsy tables or accessories
Necropsy tables or accessories
Postmortem animal dissection tables or accessories
Embalming workstations or accessories
Autopsy down draft workstations or accessories
Cadaver carriers
Cadaver storage racks
Cadaver scissor lift trolleys
Autopsy carts
Morgue walk in refrigerators
Morgue freezers
Cadaver trays
Cadaver lifter or transfer devices
Body transport containers
Morgue cabinet refrigerators
Biological evidence collection kits
Postmortem fingerprint or impression materials
Antiputrefaction masks
Postmortem blood detection kits or supplies
Embalming cavity injectors
Embalming vein drainage tubes
Embalming injecting tubes
Embalming sinks or accessories
Embalming kits
Embalming injector needles
Eye caps
Embalming fluids or chemical treatments
Mortuary hardening compounds
Mortuary outfits
Mortuary packs
Mortuary wraps
Mortuary aspirators
