Power plants	Solar power plants	Thermal power plants	Wind power plants	Diesel power plants	Steam power plants	Hydro power plants	Gas power plants	Marine power plants	Petrol power plants	Geothermal power plants
Power generator

Poppet damper
Vane damper
Exhaust isolation dampers
Exhaust diversion dampers
Stack closure dampers
Exhaust duct expansion joints
Exhaust outlet ducts
Exhaust inlet stacks
Bypass stacks
Flare or vent stacks
Concrete exhaust stacks
Fixed screens
Water trash racks
Stop logs
Traveling water screens
Silencer sections
Steel exhaust stack
Intake structures
Combustible or hazardous gas detectors for power generators
Gas turbine combustion system flame detectors
Gas turbine control panels
Electrical control panels for generators
Compressor control panels
Generator control or protection panels
Substation load control switchgears
Current limiting reactors
Steam turbines control panels
Switchyard disconnect switches
Switchyard surge arrestors
Gas insulated switchgears
