Enteral feeding set adapters	Enteral feeding connectors	Enteral feeding extensions
Enteral feeding infusion pumps
Enteral feeding administration sets
Enteral nutrition bags	Enteral nutrition containers
Enteral feeding infusion pump tubing sets
Enteral nutrition weighing chambers
Enteral feeding set valves
Enteral tube cleaning brush
Nasoenteric tube securing devices
Enteral feeding irrigation sets	Enteral feeding irrigation trays
Gastrostomy tubes for general use
Percutaneous Endoscopic Gastrostomy tubes
Jejunostomy tubes
Gastrostomy tube holders	jejunostomy tube holders
Colon decompression kits
Jejunostomy catheter and needle sets
Gastrostomy feeding tube kits
Gastric access buttons
Gastric decompression tubes
Nasogastric tubes
Nasojejunal tubes
Nasoenteric tubes not elsewhere classified
Nasogastric filters
Pediatric supplemental formulas
Adult disease specific supplemental formulas
Pediatric disease specific supplemental formulas
Nutritional bars	Nutritional pudding	Nutritional supplements
Medical nutrition food or liquid thickeners
Nursing bottle nipples
Feeding bottles	Feeding bottles accessories
Adult supplemental formulas for general use
Breast feeding pillow
Breast pump kits
Breast shells	breast shields
Breast pumps	Breast pumps accessories
Tablet cutters	Tablet cutters accessories
Tablet crushers	Tablet crushers accessories
Tablet crusher dispensers	Tablet crusher dispensers accessories
