Aluminum profile extrusions	aluminium profile extrusions
Beryllium profile extrusions
Bronze profile extrusions
Copper profile extrusions
Ferrous alloy profile extrusions
Lead profile extrusions
Magnesium profile extrusions
Non ferrous alloy profile extrusions
Plastic profile extrusions
Precious metal profile extrusions
Brass profile extrusions
Rubber profile extrusions
Stainless steel profile extrusions
Steel profile extrusions
Tin profile extrusions
Titanium profile extrusions
Zinc profile extrusions
Non ferrous alloy impact extrusions
Tin impact extrusions
Titanium impact extrusions
Zinc impact extrusions
Rubber impact extrusions
Precious metal impact extrusions
Plastic impact extrusions
Magnesium impact extrusions
Copper impact extrusions
Ferrous alloy impact extrusions
Steel impact extrusions
Bronze impact extrusions
Brass impact extrusions
Beryllium impact extrusions
Aluminum impact extrusions
Lead impact extrusions
Stainless steel impact extrusions
Zinc cold extrusions
Beryllium cold extrusions
Titanium cold extrusions
Tin cold extrusions
Aluminum cold extrusions	aluminium cold extrusions
Stainless steel cold extrusions
Rubber cold extrusions
Precious metal cold extrusions
Plastic cold extrusions
Steel cold extrusions
Magnesium cold extrusions
Lead cold extrusions
Ferrous alloy cold extrusions
Copper cold extrusions
Bronze cold extrusions
Brass cold extrusions
Non ferrous alloy cold extrusions
