Sludge digesters	sewage digesters
Surface aerator
Air flotation equipment
Ozone water treatment equipment
Chemical feeder
Sludge removal equipment	sewage removal equipment
Air diffuser for sewage treatment
Sludge conditioning equipment
Ultrafiltration equipment
Sludge disposal equipment
Sludge omposting equipment	sewage composting equipment
Collection tanks
Packaged water treatment systems
Water softening accessories
Water conditioners
Ultraviolet disinfection equipment
Turbidimeters
Water purification equipment
Oxygen generators
Mixers or agitators
Ion exchange equipment
Iron removal equipment
Fluoridation equipment
Desalination equipment
Grit chambers
Corrosion control equipment
Chlorine handling equipment
Bacterial removal equipment
Carbon filtration equipment
Ammonia removal equipment
Activated carbon equipment
Sludge collectors
Sludge pelletizers
Dewatering equipment
Water treatment dryers
Sewage distributors
Lift stations
Settling tanks
Septic tanks
Odor control equipment
Incinerators
Sludge shredders
Algaecides
Antiscalants
Descalers
Bacterial removal chemicals
Boiler feed chemicals
Odor control chemicals
Flocculents
Microbiocides
Water softening compounds
Demulsifiers
Polyelectrolytes
Buffer solutions
Corrosion control chemicals
