Academic article writing	scientific article writing
Manual writing services
Instruction writing services
Transcribing services
Court reporting services
Resume writing services
Letter writing services
Book authors services
Poetry authors services
Speech writing
Copywriting
Article writers services
Proofreading services
Written translation services
Fact checking services
Editing services
Newspaper or advertising material delivery services
News agency wire services
Special interest newsletter services
Press release services
In person italian interpretation service
In person indonesian interpretation service
In person american indian interpretation service
In person hmong interpretation service
In person hindi interpretation service
In person hebrew interpretation service
In person jamaican interpretation service
In person dutch interpretation service
In person japanese interpretation service
In person kirghiz interpretation service
In person korean interpretation service
In person kurdish interpretation service
In person lithuanian interpretation service
In person malayalam interpretation service
In person mandingo interpretation service
In person native american interpretation service
In person pakistani interpretation service
In person eastern panjabi interpretation service
In person western panjabi interpretation service
In person gugarati interpretation service
In person greek interpretation service
In person armenian interpretation service
In person bosnian interpretation service
In person egyptian interpretation service
In person fanti interpretation service
In person fanti or persian interpretation service
In person french interpretation service
In person german interpretation service
In person danish interpretation service
In person czech interpretation service
In person amharic interpretation service
In person bulgarian interpretation service
In person albanian interpretation service
In person croatian interpretation service
In person chinese interpretation service
In person creole interpretation service
In person arabic interpretation service
In person dinka interpretation service
In person bangledesh interpretation service
In person belarussian interpretation service
In person bengali interpretation service
In person afghan or pashto or pushto interpretation service
In person cambodian interpretation service
In person portuguese interpretation service
In person vietnamese interpretation service
In person yiddish interpretation service
In person yugoslavian interpretation service
In person hungarian interpretation service
In person ukranian interpretation service
In person russian interpretation service
In person rwandan interpretation service
In person samoan interpretation service
In person serbian interpretation service
In person serbo croatian interpretation service
In person slovenian interpretation service
In person polish interpretation service
In person romanian interpretation service
In person somali interpretation service
In person swahili interpretation service
In person swedish interpretation service
In person taiwanese interpretation service
In person thai interpretation service
In person tibetan interpretation service
In person turkish interpretation service
In person spanish interpretation service
In person romany interpretation service
