Head protective helmets	face protective helmets	head protective devices	head protective accessories for the physically challenged
Walkers	rollators
Walker accessories	rollator accessories
Standers	standing aids
Positioning devices
Crutches	crutch accessories
Canes	cane accessories
Whole body sliding devices	Whole body turning devices
Multifunctional mobility devices	Multifunctional mobility accessories
Toilet frames for the physically challenged
Soap protector for eyes and ears for the physically challenged
Shampoo tray or basin for the physically challenged
Bedwetting wrist alarm for the physically challenged
Transfer benches for the physically challenged
Hygiene or stimulation toileting aids for the physically challenged
Toilet seat lifters for the physically challenged
Toilet seats for the physically challenged
Sitz baths for the physically challenged
Shower or bath chairs or seats for the physically challenged
Toilet arm supports for the physically challenged
Elevated toilet seats for the physically challenged
Commodes or accessories for the physically challenged
Bath pillows for the physically challenged
Bath mitts for the physically challenged
Bath lifts or accessories for the physically challenged
Bath brushes	bath sponges	bath scrubbers for the physically challenged
Bathboards for the physically challenged
Grab bars or tub safety rails for the physically challenged
Telephone aids for the physically challenged
Cases for hearing aids
Voice synthesizers for the physically challenged
Writing aids for the physically challenged
Typing aids for the physically challenged
Telecommunication devices TDD or teletypewriters TTY for the physically challenged
Headpointers or mouthsticks for the physically challenged
Hearing aids for the physically challenged
Braille writing paper for physically challenged	Braille writing plastic for physically challenged
Braille devices for the physically challenged
Adaptive communication switches for the physically challenged
Letter or symbol boards for the physically challenged
Zipper pulls for the physically challenged
Nail clippers or files for the physically challenged
Sock or stocking aids for the physically challenged
Shoe fasteners for the physically challenged
Pant clips for the physically challenged
Mouth care for the physically challenged
Shoe horns for the physically challenged
Inspection mirror for the physically challenged
Hairbrushes or combs for the physically challenged
Dressing sticks for the physically challenged
Dressing kits for the physically challenged
Button hooks for the physically challenged
Lotion applicators for the physically challenged
Can openers for the physically challenged
Anti slip materials for the physically challenged
Assistive cooking devices for the physically challenged
Choppers for the physically challenged
Measuring aids for the physically challenged
Talking food scales for the physically challenged
Tableware for the physically challenged
Straws or straw holders for the physically challenged
Self feeders or accessories for the physically challenged
Jumbo digit timers for the physically challenged
Food guards for the physically challenged
Holders for kitchen devices for the physically challenged
Drink holders for the physically challenged
Cutting or paring boards for the physically challenged
Cutlery or utensils for the physically challenged
Cutlery or utensil holders for the physically challenged
Cups or mugs for the physically challenged
Food catchers or bibs for the physically challenged
Light switch extensions for the physically challenged
Self opening scissors for the physically challenged
Knob turners for the physically challenged
Long handled dustpans or brushes for the physically challenged
Door openers for the physically challenged
Suction brushes for the physically challenged
Key turners or holders for the physically challenged
Board games for the physically challenged
Automatic card shufflers for the physically challenged
Smokers aids for the physically challenged
Book holders for the physically challenged
Sewing aids for the physically challenged
Page turners for the physically challenged
Handicraft tools or materials or equipment for the physically challenged
Gardening tools for the physically challenged
Playing card holders for the physically challenged
Fishing or hunting aids for the physically challenged
Camping equipment for the physically challenged
Braille or large face playing cards for the physically challenged
Flotation or swimming aids for the physically challenged
Pill crushers or splitters for the physically challenged
Pill organizers for the physically challenged
Pill reminders for the physically challenged
Tube squeezers for the physically challenged
Holders for the physically challenged
Reachers for the physically challenged
Grip materials or devices for the physically challenged
Container openers for the physically challenged
