Pruning services	ornamental plant services	bush services	tree services	Planting services
Tree trimming services
Bracing services
Tree surgery services
Arborist services
Removal services or ornamental plant or bush or tree
Plants spraying services	ornamental tree spraying services
Planting services
Nursery services
Floriculture services
Orchard management services	orchard maintenance services
Vineyard management services	vineyard maintenance services
Garden planting or maintenance services
Horticultural counseling services
Parks management or maintenance services
Lawn care services
Highway lawn maintenance services
Mulching services
Mowing services
Seeding services
Cemetery upkeep services
Parks or gardens spraying services
Sprigging services
