Waterproof jacket	raincoat
Mining headlamp
Protective mesh jacket
Neck gaitor
Welder bib
Waterproof cap cover
Waterproof cap
Waterproof suit
Waterproof trousers or pants
Protective scarf
Chemical resistant gloves
Protective finger cots
Insulated clothing for cold environments
Protective frock
Protective pants
Protective shirts
Safety hoods
Leg protectors
Heat resistant clothing
Insulated or flotation suits
Reflective apparel or accessories
Elbow protectors
Hazardous material protective apparel
Fire retardant apparel
Safety vests
Protective ponchos
Protective knee pads
Protective gloves
Protective coveralls
Bullet proof vests
Protective aprons
Cleanroom apparel
Protective mittens
Safety sleeves
Protective coats
Welder gloves
Anti vibratory gloves
Thermal gloves
Insulated gloves
Anti cut gloves
Protective socks or hosiery
Protective wristbands
Lab coats
Cleanroom footwear
Safety shoes
Footwear covers
Safety boots
Protective sandals
Protective insole
Hazardous material protective footwear
Protective clogs
Fire retardant footwear
Helmet parts or accessories
Hard hats
Facial shields
Welding masks
Welders helmet
Protective hood
Face protection kit
Safety helmets
Facial shields parts or accessories
Motorcycle helmets
Protective hair net
Lens cleaner
Protective lens
Eyewear holders or cases
Safety glasses
Eye shields
Eyewashers or eye wash stations
Video display filters
Goggle protective covers
Eye shield garters
Goggles
Earmuff replacement parts or accessories
Ear plug dispenser
Ear plugs
Ear muffs
Masks or accessories
Respirators
Gas masks
Respiration air supplying self contained breathing apparatus or accessories
Mask or respirators filters or accessories
Protective films
Powered air purifying respirator system PAPRs or accessories
Heel grounding straps
Antistatic wrist straps
Grounding hardware
Anti static floor mats
Anti static worktable mats
Antistatic belts
Antistatic maintenance kits
Antistatic toe straps
Wrist rests
Lumbar protector or back brace
Thigh protector or brace
Knee supports
Shoe insoles
Ankle supports
Wrist braces
Foot rests
Shoulder protector or support
Back support rests
Elbow supports
Back support belts
Cervical pillow
Lifelines or lifeline equipment
Evacuation harnesses
Fall protection lanyard
Safety harnesses or belts
Safety harness winders
Pulling grips
Safety rope ladders and wire rope ladders
Ascender
Belay device
Descender
Swivel carabiner
Safety sling
Anchorage connector
Self retracting lanyard
Safety wash units
Decontamination shower
Clean booth
Clean locker
Repellents for canine attacks
