Geological models	geophysical models
Oilfield completion models
Oilfield drilling models
Oilfield economic models
Oilfield field development models
Oilfield production models
Oilfield risk management services
Reservoir models
Oilfield production chemistry services
Well perforation services
Oilfield artificial lift services
Well injection services
Oilfield production system analysis services
Enhanced oil recovery services
Oilfield production monitoring services
Well stimulation services
Underground gas storage services
Oilfield water management services
Oilfield hot oiling service
Oilfield lease operations
Oilfield logging services
Oilfield paraffin cutting service
Oilfield planning services
Oilfield processing services
Oilfield emergency response planning services
Oilfield field development services
Well site logistics services	Well site procurement services
Oilfield training matrix services
Oilfield succession plan services	Oilfield handover services
Oilfield reporting services
Oilfield performance monitoring services
Oilfield audits or inspection services
Well completion engineering services
Well site pit lining services
Well pulling unit services
Shorebased services
Test pit lining services
Well site vacuum truck services
Underbalanced applications engineering services
Well workover services
Well fabrication services	well construction services
Deadman anchor services
Well site electrical services	well site instrumentation services
Well site valve or valve part services
Well instrument or meter services
Well site inspection or equipment testing services
Well site heavy equipment or crane services
Oilfield consultancy services
Oilfield certification services
Oilfield research and development services
Oilfield equipment brokerage services
Oilfield drafting services
