Turkish baths	steam baths	ritual baths
Aerobics classes	exercise classes
Massage services
Spas
Health clubs	fitness clubs
Body piercing services
Facial treatments	body treatments
Make up consultation
Tattoo services
Electrolysis
Hair cutting services	hair color services
Hair weaving services	hair replacement services
Tuxedo rental	formalwear rental	formal wear rental
Evening gown rental	bridal gown rental	dress rental
Costume rental
Tailoring service
Wardrobe consultant
Fashion stylist
Color consultant
