Medicine trays	medicine covers
Clinical pneumatic tube system
Clinical modular casework
Nurse communication modules	Nurse communication systems
Hospital intercom systems
Infant security transmitter	child security transmitter 
Nursing controls or exit monitors
Patient cubicle curtains	patient cubicle screens	patient curtain track hardware
Medical facility ceiling arms
Hospital equipment power columns
Clinical monitor arms
Operating room lighting or accessories
Patient room lighting or accessories
Clinical headwall systems
Hospital equipment instrument panels
Medical air pressure control cabinets
Medical gas or electric service tracks
Medical gas outlets
Medical gas air compressor systems
Medical gas alarms
Medical gas manifold
Medical vacuum systems
Medical gas shutoff valves or valve boxes
Medical gas cylinder carts or stands or accessories
Surgical compressed air tanks or accessories
Medical gas delivery columns
Overbed tables or accessories
Clinical incubators or infant warmers
Clinical bassinets or cribs or pediatric beds or accessories
Patient care cot covers
Infant positioning cradles
Patient care mattresses or accessories
Alternating pressure pads or pumps
Patient care beds or accessories for specialty care
Patient care beds or accessories for general use
Clinical trapeze bars
Medical suspended columns
Medical or surgical bedside rails
Clinical incubator or infant warmer accessories
Infant incubator supply kits
Bedside clinical cabinets	Bedside clinical cabinets accessories
Hospital armoires
Medical chart caddies	Medical chart accessories
Medical instrument storage cabinets	Medical instrument storage chests
Blanket or solution warmer cabinets
Medical treatment cabinets
Narcotic cabinets or safes
Medical monitor cabinets
Physical therapy massage table
Medical exam or procedure table accessories for general use excluding cover sheets
Medical exam or procedure tables for general use
Hospital recliners	Hospital recliners accessories
Medical facility visitor chairs
Clinical examination chairs	Clinical examination accessories
Blood drawing	phlebotomy chairs	blood drawing accessories
Patient chairs
Physician stools and accessories
Patient stretchers	patient stretcher accessories
Wheelchair ramps
Gurneys or scissor lifts
Geriatric chairs or accessories
Patient transport incubators or accessories
Patient scooter accessories
Patient scooters
Wheelchair accessories
Patient holding or evacuation system heater unit or accessories
Patient transport trolleys or accessories
Patient shifting boards or accessories
Patient transfer mats
Wheelchairs
Infant slings	infant sling accessories
Patient ceiling hoists
Patient suspended seats	patient suspended slings
Clinical hydraulic lifts or accessories
Patient lifts or accessories
Diagnostic or monitoring equipment specific carts
Irrigator mobile stands
Emergency or resuscitation carts
Medical isolation carts
Medical carts	Medical carts accessories
Urinal carrying carts
Medical equipment bags
Medical equipment covers
Aneurysm encapsulating kits
Powder blower
Medication dispensers	pill dispensers	medical dispenser accessories
Medicine feeding cups	Medicine feeding bottles	Medicine feeding accessories
Drug delivery systems	Drug delivery accessories
Suppository molds
